inregistrare_student,2026-06-05T05:55:19
inregistrare_instructor,2026-06-05T05:55:19
creare_curs,2026-06-05T05:55:19
adaugare_lectie_video,2026-06-05T05:55:19
listare_utilizatori,2026-06-05T05:55:19
inregistrare_student,2026-06-05T05:55:19
listare_utilizatori,2026-06-05T05:55:19
inregistrare_instructor,2026-06-05T05:55:19
listare_utilizatori,2026-06-05T05:55:19
creare_curs,2026-06-05T05:55:19
creare_curs,2026-06-05T05:55:19
creare_curs,2026-06-05T05:55:19
listare_cursuri_sortate,2026-06-05T05:55:19
adaugare_lectie_video,2026-06-05T05:55:19
adaugare_quiz,2026-06-05T05:55:19
inregistrare_scor,2026-06-05T05:55:19
cautare_curs,2026-06-05T05:55:19
cautare_curs,2026-06-05T05:55:19
listare_utilizatori,2026-06-05T05:55:19
listare_cursuri_sortate,2026-06-05T05:55:19
stergere_curs,2026-06-05T05:55:19
listare_cursuri_sortate,2026-06-05T05:55:19
adaugare_curs_complet_tranzactie,2026-06-05T05:55:19
listare_cursuri_sortate,2026-06-05T05:55:19
inregistrare_scor,2026-06-05T05:55:19
inregistrare_scor,2026-06-05T05:55:19
inregistrare_scor,2026-06-05T05:55:19
inregistrare_student,2026-06-05T05:59:15
inregistrare_instructor,2026-06-05T05:59:15
creare_curs,2026-06-05T05:59:15
adaugare_lectie_video,2026-06-05T05:59:15
listare_utilizatori,2026-06-05T05:59:15
inregistrare_student,2026-06-05T05:59:15
listare_utilizatori,2026-06-05T05:59:15
inregistrare_instructor,2026-06-05T05:59:15
listare_utilizatori,2026-06-05T05:59:15
creare_curs,2026-06-05T05:59:15
creare_curs,2026-06-05T05:59:15
creare_curs,2026-06-05T05:59:15
listare_cursuri_sortate,2026-06-05T05:59:15
adaugare_lectie_video,2026-06-05T05:59:15
adaugare_quiz,2026-06-05T05:59:15
inregistrare_scor,2026-06-05T05:59:15
cautare_curs,2026-06-05T05:59:15
cautare_curs,2026-06-05T05:59:15
listare_utilizatori,2026-06-05T05:59:15
listare_cursuri_sortate,2026-06-05T05:59:15
stergere_curs,2026-06-05T05:59:15
listare_cursuri_sortate,2026-06-05T05:59:15
adaugare_curs_complet_tranzactie,2026-06-05T05:59:15
listare_cursuri_sortate,2026-06-05T05:59:15
inregistrare_scor,2026-06-05T05:59:15
inregistrare_scor,2026-06-05T05:59:15
inregistrare_scor,2026-06-05T05:59:15
